DOID:5419	schizophrenia	19
DOID:5419	schizophrenia	50
DOID:5419	schizophrenia	60
DOID:5419	schizophrenia	71
DOID:5419	schizophrenia	125
DOID:5419	schizophrenia	128
DOID:5419	schizophrenia	150
DOID:5419	schizophrenia	156
DOID:5419	schizophrenia	203
DOID:5419	schizophrenia	213
DOID:5419	schizophrenia	216
DOID:5419	schizophrenia	217
DOID:5419	schizophrenia	226
DOID:5419	schizophrenia	230
DOID:5419	schizophrenia	287
DOID:5419	schizophrenia	288
DOID:5419	schizophrenia	301
DOID:5419	schizophrenia	302
DOID:5419	schizophrenia	308
DOID:5419	schizophrenia	310
DOID:5419	schizophrenia	348
DOID:5419	schizophrenia	396
DOID:5419	schizophrenia	488
DOID:5419	schizophrenia	489
DOID:5419	schizophrenia	493
DOID:5419	schizophrenia	498
DOID:5419	schizophrenia	523
DOID:5419	schizophrenia	526
DOID:5419	schizophrenia	760
DOID:5419	schizophrenia	767
DOID:5419	schizophrenia	775
DOID:5419	schizophrenia	780
DOID:5419	schizophrenia	801
DOID:5419	schizophrenia	815
DOID:5419	schizophrenia	816
DOID:5419	schizophrenia	873
DOID:5419	schizophrenia	875
DOID:5419	schizophrenia	989
DOID:5419	schizophrenia	998
DOID:5419	schizophrenia	1012
DOID:5419	schizophrenia	1020
DOID:5419	schizophrenia	1072
DOID:5419	schizophrenia	1114
DOID:5419	schizophrenia	1128
DOID:5419	schizophrenia	1152
DOID:5419	schizophrenia	1173
DOID:5419	schizophrenia	1182
DOID:5419	schizophrenia	1191
DOID:5419	schizophrenia	1267
DOID:5419	schizophrenia	1400
DOID:5419	schizophrenia	1410
DOID:5419	schizophrenia	1428
DOID:5419	schizophrenia	1454
DOID:5419	schizophrenia	1457
DOID:5419	schizophrenia	1499
DOID:5419	schizophrenia	1501
DOID:5419	schizophrenia	1576
DOID:5419	schizophrenia	1620
DOID:5419	schizophrenia	1641
DOID:5419	schizophrenia	1738
DOID:5419	schizophrenia	1739
DOID:5419	schizophrenia	1741
DOID:5419	schizophrenia	1742
DOID:5419	schizophrenia	1759
DOID:5419	schizophrenia	1767
DOID:5419	schizophrenia	1786
DOID:5419	schizophrenia	1803
DOID:5419	schizophrenia	1808
DOID:5419	schizophrenia	1947
DOID:5419	schizophrenia	1974
DOID:5419	schizophrenia	2023
DOID:5419	schizophrenia	2026
DOID:5419	schizophrenia	2036
DOID:5419	schizophrenia	2047
DOID:5419	schizophrenia	2193
DOID:5419	schizophrenia	2257
DOID:5419	schizophrenia	2512
DOID:5419	schizophrenia	2534
DOID:5419	schizophrenia	2550
DOID:5419	schizophrenia	2554
DOID:5419	schizophrenia	2555
DOID:5419	schizophrenia	2556
DOID:5419	schizophrenia	2559
DOID:5419	schizophrenia	2561
DOID:5419	schizophrenia	2562
DOID:5419	schizophrenia	2566
DOID:5419	schizophrenia	2571
DOID:5419	schizophrenia	2572
DOID:5419	schizophrenia	2596
DOID:5419	schizophrenia	2597
DOID:5419	schizophrenia	2664
DOID:5419	schizophrenia	2670
DOID:5419	schizophrenia	2746
DOID:5419	schizophrenia	2752
DOID:5419	schizophrenia	2774
DOID:5419	schizophrenia	2778
DOID:5419	schizophrenia	2782
DOID:5419	schizophrenia	2783
DOID:5419	schizophrenia	2784
DOID:5419	schizophrenia	2823
DOID:5419	schizophrenia	2869
DOID:5419	schizophrenia	2885
DOID:5419	schizophrenia	2890
DOID:5419	schizophrenia	2891
DOID:5419	schizophrenia	2892
DOID:5419	schizophrenia	2893
DOID:5419	schizophrenia	2896
DOID:5419	schizophrenia	2898
DOID:5419	schizophrenia	2902
DOID:5419	schizophrenia	2904
DOID:5419	schizophrenia	2906
DOID:5419	schizophrenia	2912
DOID:5419	schizophrenia	2913
DOID:5419	schizophrenia	2915
DOID:5419	schizophrenia	2932
DOID:5419	schizophrenia	2934
DOID:5419	schizophrenia	2938
DOID:5419	schizophrenia	2950
DOID:5419	schizophrenia	3008
DOID:5419	schizophrenia	3028
DOID:5419	schizophrenia	3029
DOID:5419	schizophrenia	3094
DOID:5419	schizophrenia	3098
DOID:5419	schizophrenia	3107
DOID:5419	schizophrenia	3181
DOID:5419	schizophrenia	3183
DOID:5419	schizophrenia	3190
DOID:5419	schizophrenia	3192
DOID:5419	schizophrenia	3303
DOID:5419	schizophrenia	3304
DOID:5419	schizophrenia	3305
DOID:5419	schizophrenia	3309
DOID:5419	schizophrenia	3312
DOID:5419	schizophrenia	3313
DOID:5419	schizophrenia	3320
DOID:5419	schizophrenia	3329
DOID:5419	schizophrenia	3337
DOID:5419	schizophrenia	3568
DOID:5419	schizophrenia	3697
DOID:5419	schizophrenia	3703
DOID:5419	schizophrenia	3746
DOID:5419	schizophrenia	3796
DOID:5419	schizophrenia	3800
DOID:5419	schizophrenia	3831
DOID:5419	schizophrenia	3897
DOID:5419	schizophrenia	3927
DOID:5419	schizophrenia	4035
DOID:5419	schizophrenia	4045
DOID:5419	schizophrenia	4082
DOID:5419	schizophrenia	4099
DOID:5419	schizophrenia	4128
DOID:5419	schizophrenia	4129
DOID:5419	schizophrenia	4130
DOID:5419	schizophrenia	4133
DOID:5419	schizophrenia	4137
DOID:5419	schizophrenia	4155
DOID:5419	schizophrenia	4190
DOID:5419	schizophrenia	4340
DOID:5419	schizophrenia	4513
DOID:5419	schizophrenia	4645
DOID:5419	schizophrenia	4684
DOID:5419	schizophrenia	4706
DOID:5419	schizophrenia	4713
DOID:5419	schizophrenia	4715
DOID:5419	schizophrenia	4719
DOID:5419	schizophrenia	4722
DOID:5419	schizophrenia	4723
DOID:5419	schizophrenia	4726
DOID:5419	schizophrenia	4729
DOID:5419	schizophrenia	4734
DOID:5419	schizophrenia	4735
DOID:5419	schizophrenia	4741
DOID:5419	schizophrenia	4747
DOID:5419	schizophrenia	4900
DOID:5419	schizophrenia	4915
DOID:5419	schizophrenia	4916
DOID:5419	schizophrenia	4925
DOID:5419	schizophrenia	4976
DOID:5419	schizophrenia	4978
DOID:5419	schizophrenia	5019
DOID:5419	schizophrenia	5037
DOID:5419	schizophrenia	5048
DOID:5419	schizophrenia	5052
DOID:5419	schizophrenia	5058
DOID:5419	schizophrenia	5096
DOID:5419	schizophrenia	5110
DOID:5419	schizophrenia	5144
DOID:5419	schizophrenia	5213
DOID:5419	schizophrenia	5223
DOID:5419	schizophrenia	5230
DOID:5419	schizophrenia	5245
DOID:5419	schizophrenia	5286
DOID:5419	schizophrenia	5297
DOID:5419	schizophrenia	5305
DOID:5419	schizophrenia	5306
DOID:5419	schizophrenia	5339
DOID:5419	schizophrenia	5354
DOID:5419	schizophrenia	5362
DOID:5419	schizophrenia	5414
DOID:5419	schizophrenia	5478
DOID:5419	schizophrenia	5530
DOID:5419	schizophrenia	5532
DOID:5419	schizophrenia	5534
DOID:5419	schizophrenia	5538
DOID:5419	schizophrenia	5578
DOID:5419	schizophrenia	5582
DOID:5419	schizophrenia	5595
DOID:5419	schizophrenia	5621
DOID:5419	schizophrenia	5792
DOID:5419	schizophrenia	5799
DOID:5419	schizophrenia	5803
DOID:5419	schizophrenia	5813
DOID:5419	schizophrenia	5834
DOID:5419	schizophrenia	5860
DOID:5419	schizophrenia	5902
DOID:5419	schizophrenia	5912
DOID:5419	schizophrenia	6092
DOID:5419	schizophrenia	6125
DOID:5419	schizophrenia	6137
DOID:5419	schizophrenia	6204
DOID:5419	schizophrenia	6207
DOID:5419	schizophrenia	6285
DOID:5419	schizophrenia	6326
DOID:5419	schizophrenia	6391
DOID:5419	schizophrenia	6456
DOID:5419	schizophrenia	6457
DOID:5419	schizophrenia	6505
DOID:5419	schizophrenia	6506
DOID:5419	schizophrenia	6507
DOID:5419	schizophrenia	6509
DOID:5419	schizophrenia	6513
DOID:5419	schizophrenia	6531
DOID:5419	schizophrenia	6558
DOID:5419	schizophrenia	6616
DOID:5419	schizophrenia	6622
DOID:5419	schizophrenia	6647
DOID:5419	schizophrenia	6648
DOID:5419	schizophrenia	6709
DOID:5419	schizophrenia	6720
DOID:5419	schizophrenia	6801
DOID:5419	schizophrenia	6804
DOID:5419	schizophrenia	6812
DOID:5419	schizophrenia	6844
DOID:5419	schizophrenia	6853
DOID:5419	schizophrenia	6854
DOID:5419	schizophrenia	6861
DOID:5419	schizophrenia	7001
DOID:5419	schizophrenia	7168
DOID:5419	schizophrenia	7170
DOID:5419	schizophrenia	7203
DOID:5419	schizophrenia	7280
DOID:5419	schizophrenia	7295
DOID:5419	schizophrenia	7334
DOID:5419	schizophrenia	7345
DOID:5419	schizophrenia	7384
DOID:5419	schizophrenia	7431
DOID:5419	schizophrenia	7447
DOID:5419	schizophrenia	7504
DOID:5419	schizophrenia	7529
DOID:5419	schizophrenia	7531
DOID:5419	schizophrenia	7532
DOID:5419	schizophrenia	7533
DOID:5419	schizophrenia	7534
DOID:5419	schizophrenia	7781
DOID:5419	schizophrenia	7846
DOID:5419	schizophrenia	8499
DOID:5419	schizophrenia	8502
DOID:5419	schizophrenia	8537
DOID:5419	schizophrenia	8604
DOID:5419	schizophrenia	8682
DOID:5419	schizophrenia	8777
DOID:5419	schizophrenia	8831
DOID:5419	schizophrenia	8997
DOID:5419	schizophrenia	9118
DOID:5419	schizophrenia	9145
DOID:5419	schizophrenia	9162
DOID:5419	schizophrenia	9172
DOID:5419	schizophrenia	9217
DOID:5419	schizophrenia	9223
DOID:5419	schizophrenia	9228
DOID:5419	schizophrenia	9229
DOID:5419	schizophrenia	9368
DOID:5419	schizophrenia	9369
DOID:5419	schizophrenia	9378
DOID:5419	schizophrenia	9456
DOID:5419	schizophrenia	9463
DOID:5419	schizophrenia	9568
DOID:5419	schizophrenia	9588
DOID:5419	schizophrenia	9685
DOID:5419	schizophrenia	9900
DOID:5419	schizophrenia	9948
DOID:5419	schizophrenia	10243
DOID:5419	schizophrenia	10326
DOID:5419	schizophrenia	10376
DOID:5419	schizophrenia	10381
DOID:5419	schizophrenia	10397
DOID:5419	schizophrenia	10399
DOID:5419	schizophrenia	10409
DOID:5419	schizophrenia	10469
DOID:5419	schizophrenia	10476
DOID:5419	schizophrenia	10487
DOID:5419	schizophrenia	10529
DOID:5419	schizophrenia	10612
DOID:5419	schizophrenia	10814
DOID:5419	schizophrenia	10949
DOID:5419	schizophrenia	11099
DOID:5419	schizophrenia	11113
DOID:5419	schizophrenia	11261
DOID:5419	schizophrenia	11346
DOID:5419	schizophrenia	22866
DOID:5419	schizophrenia	22999
DOID:5419	schizophrenia	23043
DOID:5419	schizophrenia	23136
DOID:5419	schizophrenia	23140
DOID:5419	schizophrenia	23191
DOID:5419	schizophrenia	23228
DOID:5419	schizophrenia	23236
DOID:5419	schizophrenia	23284
DOID:5419	schizophrenia	23413
DOID:5419	schizophrenia	23499
DOID:5419	schizophrenia	23576
DOID:5419	schizophrenia	25874
DOID:5419	schizophrenia	26059
DOID:5419	schizophrenia	26227
DOID:5419	schizophrenia	27020
DOID:5419	schizophrenia	27445
DOID:5419	schizophrenia	50863
DOID:5419	schizophrenia	50944
DOID:5419	schizophrenia	51075
DOID:5419	schizophrenia	51678
DOID:5419	schizophrenia	53826
DOID:5419	schizophrenia	54734
DOID:5419	schizophrenia	55083
DOID:5419	schizophrenia	55170
DOID:5419	schizophrenia	55512
DOID:5419	schizophrenia	55770
DOID:5419	schizophrenia	55824
DOID:5419	schizophrenia	55968
DOID:5419	schizophrenia	56256
DOID:5419	schizophrenia	56899
DOID:5419	schizophrenia	57030
DOID:5419	schizophrenia	57142
DOID:5419	schizophrenia	57502
DOID:5419	schizophrenia	57555
DOID:5419	schizophrenia	57709
DOID:5419	schizophrenia	57863
DOID:5419	schizophrenia	58155
DOID:5419	schizophrenia	58512
DOID:5419	schizophrenia	65018
DOID:5419	schizophrenia	79180
DOID:5419	schizophrenia	81565
DOID:5419	schizophrenia	84152
DOID:5419	schizophrenia	84687
DOID:5419	schizophrenia	84894
DOID:5419	schizophrenia	85300
DOID:5419	schizophrenia	85358
DOID:5419	schizophrenia	116987
DOID:5419	schizophrenia	118987
DOID:5419	schizophrenia	136319
DOID:5419	schizophrenia	140679
DOID:5419	schizophrenia	140885
DOID:5419	schizophrenia	203068
DOID:5419	schizophrenia	221184
DOID:5419	schizophrenia	259217
DOID:5419	schizophrenia	347733
DOID:5419	schizophrenia	374291
DOID:1826	epilepsy_syndrome	16
DOID:1826	epilepsy_syndrome	18
DOID:1826	epilepsy_syndrome	115
DOID:1826	epilepsy_syndrome	213
DOID:1826	epilepsy_syndrome	217
DOID:1826	epilepsy_syndrome	249
DOID:1826	epilepsy_syndrome	310
DOID:1826	epilepsy_syndrome	348
DOID:1826	epilepsy_syndrome	351
DOID:1826	epilepsy_syndrome	361
DOID:1826	epilepsy_syndrome	382
DOID:1826	epilepsy_syndrome	387
DOID:1826	epilepsy_syndrome	388
DOID:1826	epilepsy_syndrome	477
DOID:1826	epilepsy_syndrome	501
DOID:1826	epilepsy_syndrome	527
DOID:1826	epilepsy_syndrome	718
DOID:1826	epilepsy_syndrome	773
DOID:1826	epilepsy_syndrome	826
DOID:1826	epilepsy_syndrome	998
DOID:1826	epilepsy_syndrome	1266
DOID:1826	epilepsy_syndrome	1400
DOID:1826	epilepsy_syndrome	1509
DOID:1826	epilepsy_syndrome	1576
DOID:1826	epilepsy_syndrome	1641
DOID:1826	epilepsy_syndrome	1740
DOID:1826	epilepsy_syndrome	1759
DOID:1826	epilepsy_syndrome	1808
DOID:1826	epilepsy_syndrome	2081
DOID:1826	epilepsy_syndrome	2550
DOID:1826	epilepsy_syndrome	2554
DOID:1826	epilepsy_syndrome	2555
DOID:1826	epilepsy_syndrome	2559
DOID:1826	epilepsy_syndrome	2561
DOID:1826	epilepsy_syndrome	2562
DOID:1826	epilepsy_syndrome	2566
DOID:1826	epilepsy_syndrome	2571
DOID:1826	epilepsy_syndrome	2572
DOID:1826	epilepsy_syndrome	2629
DOID:1826	epilepsy_syndrome	2670
DOID:1826	epilepsy_syndrome	2746
DOID:1826	epilepsy_syndrome	2752
DOID:1826	epilepsy_syndrome	2775
DOID:1826	epilepsy_syndrome	2784
DOID:1826	epilepsy_syndrome	2823
DOID:1826	epilepsy_syndrome	2890
DOID:1826	epilepsy_syndrome	2891
DOID:1826	epilepsy_syndrome	2892
DOID:1826	epilepsy_syndrome	2902
DOID:1826	epilepsy_syndrome	2904
DOID:1826	epilepsy_syndrome	2915
DOID:1826	epilepsy_syndrome	2932
DOID:1826	epilepsy_syndrome	2934
DOID:1826	epilepsy_syndrome	2950
DOID:1826	epilepsy_syndrome	3417
DOID:1826	epilepsy_syndrome	3737
DOID:1826	epilepsy_syndrome	3746
DOID:1826	epilepsy_syndrome	3751
DOID:1826	epilepsy_syndrome	3778
DOID:1826	epilepsy_syndrome	3798
DOID:1826	epilepsy_syndrome	3925
DOID:1826	epilepsy_syndrome	3954
DOID:1826	epilepsy_syndrome	4133
DOID:1826	epilepsy_syndrome	4137
DOID:1826	epilepsy_syndrome	4509
DOID:1826	epilepsy_syndrome	4513
DOID:1826	epilepsy_syndrome	4684
DOID:1826	epilepsy_syndrome	4915
DOID:1826	epilepsy_syndrome	4925
DOID:1826	epilepsy_syndrome	5515
DOID:1826	epilepsy_syndrome	5621
DOID:1826	epilepsy_syndrome	5789
DOID:1826	epilepsy_syndrome	5813
DOID:1826	epilepsy_syndrome	5879
DOID:1826	epilepsy_syndrome	5906
DOID:1826	epilepsy_syndrome	5955
DOID:1826	epilepsy_syndrome	6285
DOID:1826	epilepsy_syndrome	6326
DOID:1826	epilepsy_syndrome	6327
DOID:1826	epilepsy_syndrome	6328
DOID:1826	epilepsy_syndrome	6331
DOID:1826	epilepsy_syndrome	6487
DOID:1826	epilepsy_syndrome	6505
DOID:1826	epilepsy_syndrome	6506
DOID:1826	epilepsy_syndrome	6507
DOID:1826	epilepsy_syndrome	6513
DOID:1826	epilepsy_syndrome	6529
DOID:1826	epilepsy_syndrome	6566
DOID:1826	epilepsy_syndrome	6616
DOID:1826	epilepsy_syndrome	6647
DOID:1826	epilepsy_syndrome	6648
DOID:1826	epilepsy_syndrome	6709
DOID:1826	epilepsy_syndrome	6804
DOID:1826	epilepsy_syndrome	6812
DOID:1826	epilepsy_syndrome	6844
DOID:1826	epilepsy_syndrome	6853
DOID:1826	epilepsy_syndrome	6854
DOID:1826	epilepsy_syndrome	6857
DOID:1826	epilepsy_syndrome	7316
DOID:1826	epilepsy_syndrome	7317
DOID:1826	epilepsy_syndrome	7402
DOID:1826	epilepsy_syndrome	7532
DOID:1826	epilepsy_syndrome	7533
DOID:1826	epilepsy_syndrome	7881
DOID:1826	epilepsy_syndrome	8568
DOID:1826	epilepsy_syndrome	8573
DOID:1826	epilepsy_syndrome	8831
DOID:1826	epilepsy_syndrome	8864
DOID:1826	epilepsy_syndrome	9211
DOID:1826	epilepsy_syndrome	9378
DOID:1826	epilepsy_syndrome	9568
DOID:1826	epilepsy_syndrome	9693
DOID:1826	epilepsy_syndrome	9900
DOID:1826	epilepsy_syndrome	9961
DOID:1826	epilepsy_syndrome	10109
DOID:1826	epilepsy_syndrome	10188
DOID:1826	epilepsy_syndrome	10243
DOID:1826	epilepsy_syndrome	10254
DOID:1826	epilepsy_syndrome	10399
DOID:1826	epilepsy_syndrome	11332
DOID:1826	epilepsy_syndrome	22800
DOID:1826	epilepsy_syndrome	23114
DOID:1826	epilepsy_syndrome	23236
DOID:1826	epilepsy_syndrome	23284
DOID:1826	epilepsy_syndrome	25814
DOID:1826	epilepsy_syndrome	25885
DOID:1826	epilepsy_syndrome	25977
DOID:1826	epilepsy_syndrome	30818
DOID:1826	epilepsy_syndrome	51400
DOID:1826	epilepsy_syndrome	53616
DOID:1826	epilepsy_syndrome	57142
DOID:1826	epilepsy_syndrome	57465
DOID:1826	epilepsy_syndrome	57537
DOID:1826	epilepsy_syndrome	57655
DOID:1826	epilepsy_syndrome	112476
DOID:1826	epilepsy_syndrome	112755
DOID:1826	epilepsy_syndrome	157922
DOID:1826	epilepsy_syndrome	166614
DOID:9255	frontotemporal_dementia	160
DOID:9255	frontotemporal_dementia	161
DOID:9255	frontotemporal_dementia	162
DOID:9255	frontotemporal_dementia	163
DOID:9255	frontotemporal_dementia	231
DOID:9255	frontotemporal_dementia	273
DOID:9255	frontotemporal_dementia	348
DOID:9255	frontotemporal_dementia	351
DOID:9255	frontotemporal_dementia	361
DOID:9255	frontotemporal_dementia	381
DOID:9255	frontotemporal_dementia	815
DOID:9255	frontotemporal_dementia	873
DOID:9255	frontotemporal_dementia	1465
DOID:9255	frontotemporal_dementia	1499
DOID:9255	frontotemporal_dementia	1666
DOID:9255	frontotemporal_dementia	1785
DOID:9255	frontotemporal_dementia	1786
DOID:9255	frontotemporal_dementia	1915
DOID:9255	frontotemporal_dementia	1974
DOID:9255	frontotemporal_dementia	2026
DOID:9255	frontotemporal_dementia	2125
DOID:9255	frontotemporal_dementia	2521
DOID:9255	frontotemporal_dementia	2670
DOID:9255	frontotemporal_dementia	2744
DOID:9255	frontotemporal_dementia	2746
DOID:9255	frontotemporal_dementia	2747
DOID:9255	frontotemporal_dementia	2770
DOID:9255	frontotemporal_dementia	2896
DOID:9255	frontotemporal_dementia	3178
DOID:9255	frontotemporal_dementia	3181
DOID:9255	frontotemporal_dementia	3303
DOID:9255	frontotemporal_dementia	3320
DOID:9255	frontotemporal_dementia	3939
DOID:9255	frontotemporal_dementia	4128
DOID:9255	frontotemporal_dementia	4137
DOID:9255	frontotemporal_dementia	4190
DOID:9255	frontotemporal_dementia	4336
DOID:9255	frontotemporal_dementia	4719
DOID:9255	frontotemporal_dementia	4735
DOID:9255	frontotemporal_dementia	5216
DOID:9255	frontotemporal_dementia	5530
DOID:9255	frontotemporal_dementia	5566
DOID:9255	frontotemporal_dementia	5621
DOID:9255	frontotemporal_dementia	5901
DOID:9255	frontotemporal_dementia	6389
DOID:9255	frontotemporal_dementia	6421
DOID:9255	frontotemporal_dementia	6455
DOID:9255	frontotemporal_dementia	6520
DOID:9255	frontotemporal_dementia	6616
DOID:9255	frontotemporal_dementia	6710
DOID:9255	frontotemporal_dementia	6804
DOID:9255	frontotemporal_dementia	6812
DOID:9255	frontotemporal_dementia	6855
DOID:9255	frontotemporal_dementia	6857
DOID:9255	frontotemporal_dementia	6950
DOID:9255	frontotemporal_dementia	7001
DOID:9255	frontotemporal_dementia	7277
DOID:9255	frontotemporal_dementia	7280
DOID:9255	frontotemporal_dementia	7415
DOID:9255	frontotemporal_dementia	7430
DOID:9255	frontotemporal_dementia	8506
DOID:9255	frontotemporal_dementia	10326
DOID:9255	frontotemporal_dementia	10383
DOID:9255	frontotemporal_dementia	10452
DOID:9255	frontotemporal_dementia	10549
DOID:9255	frontotemporal_dementia	10963
DOID:9255	frontotemporal_dementia	10989
DOID:9255	frontotemporal_dementia	11160
DOID:9255	frontotemporal_dementia	23025
DOID:9255	frontotemporal_dementia	23154
DOID:9255	frontotemporal_dementia	23435
DOID:9255	frontotemporal_dementia	26227
DOID:9255	frontotemporal_dementia	55201
DOID:9255	frontotemporal_dementia	55832
DOID:9255	frontotemporal_dementia	57863
DOID:9255	frontotemporal_dementia	93185
DOID:9255	frontotemporal_dementia	112476
DOID:9255	frontotemporal_dementia	112755
DOID:9255	frontotemporal_dementia	203068
DOID:9255	frontotemporal_dementia	257194
DOID:9255	frontotemporal_dementia	284069
DOID:10652	Alzheimer's_disease	2
DOID:10652	Alzheimer's_disease	19
DOID:10652	Alzheimer's_disease	25
DOID:10652	Alzheimer's_disease	43
DOID:10652	Alzheimer's_disease	48
DOID:10652	Alzheimer's_disease	50
DOID:10652	Alzheimer's_disease	156
DOID:10652	Alzheimer's_disease	161
DOID:10652	Alzheimer's_disease	217
DOID:10652	Alzheimer's_disease	230
DOID:10652	Alzheimer's_disease	249
DOID:10652	Alzheimer's_disease	274
DOID:10652	Alzheimer's_disease	288
DOID:10652	Alzheimer's_disease	322
DOID:10652	Alzheimer's_disease	334
DOID:10652	Alzheimer's_disease	338
DOID:10652	Alzheimer's_disease	348
DOID:10652	Alzheimer's_disease	351
DOID:10652	Alzheimer's_disease	387
DOID:10652	Alzheimer's_disease	490
DOID:10652	Alzheimer's_disease	498
DOID:10652	Alzheimer's_disease	528
DOID:10652	Alzheimer's_disease	581
DOID:10652	Alzheimer's_disease	682
DOID:10652	Alzheimer's_disease	718
DOID:10652	Alzheimer's_disease	722
DOID:10652	Alzheimer's_disease	760
DOID:10652	Alzheimer's_disease	775
DOID:10652	Alzheimer's_disease	801
DOID:10652	Alzheimer's_disease	811
DOID:10652	Alzheimer's_disease	814
DOID:10652	Alzheimer's_disease	815
DOID:10652	Alzheimer's_disease	818
DOID:10652	Alzheimer's_disease	824
DOID:10652	Alzheimer's_disease	864
DOID:10652	Alzheimer's_disease	875
DOID:10652	Alzheimer's_disease	1000
DOID:10652	Alzheimer's_disease	1020
DOID:10652	Alzheimer's_disease	1128
DOID:10652	Alzheimer's_disease	1129
DOID:10652	Alzheimer's_disease	1152
DOID:10652	Alzheimer's_disease	1191
DOID:10652	Alzheimer's_disease	1267
DOID:10652	Alzheimer's_disease	1272
DOID:10652	Alzheimer's_disease	1327
DOID:10652	Alzheimer's_disease	1363
DOID:10652	Alzheimer's_disease	1410
DOID:10652	Alzheimer's_disease	1496
DOID:10652	Alzheimer's_disease	1499
DOID:10652	Alzheimer's_disease	1501
DOID:10652	Alzheimer's_disease	1508
DOID:10652	Alzheimer's_disease	1509
DOID:10652	Alzheimer's_disease	1576
DOID:10652	Alzheimer's_disease	1627
DOID:10652	Alzheimer's_disease	1742
DOID:10652	Alzheimer's_disease	1743
DOID:10652	Alzheimer's_disease	1778
DOID:10652	Alzheimer's_disease	1780
DOID:10652	Alzheimer's_disease	1785
DOID:10652	Alzheimer's_disease	1786
DOID:10652	Alzheimer's_disease	1808
DOID:10652	Alzheimer's_disease	1901
DOID:10652	Alzheimer's_disease	1938
DOID:10652	Alzheimer's_disease	2023
DOID:10652	Alzheimer's_disease	2026
DOID:10652	Alzheimer's_disease	2054
DOID:10652	Alzheimer's_disease	2266
DOID:10652	Alzheimer's_disease	2280
DOID:10652	Alzheimer's_disease	2288
DOID:10652	Alzheimer's_disease	2534
DOID:10652	Alzheimer's_disease	2550
DOID:10652	Alzheimer's_disease	2566
DOID:10652	Alzheimer's_disease	2571
DOID:10652	Alzheimer's_disease	2572
DOID:10652	Alzheimer's_disease	2597
DOID:10652	Alzheimer's_disease	2629
DOID:10652	Alzheimer's_disease	2670
DOID:10652	Alzheimer's_disease	2745
DOID:10652	Alzheimer's_disease	2752
DOID:10652	Alzheimer's_disease	2776
DOID:10652	Alzheimer's_disease	2778
DOID:10652	Alzheimer's_disease	2784
DOID:10652	Alzheimer's_disease	2890
DOID:10652	Alzheimer's_disease	2891
DOID:10652	Alzheimer's_disease	2892
DOID:10652	Alzheimer's_disease	2893
DOID:10652	Alzheimer's_disease	2896
DOID:10652	Alzheimer's_disease	2902
DOID:10652	Alzheimer's_disease	2904
DOID:10652	Alzheimer's_disease	2912
DOID:10652	Alzheimer's_disease	2915
DOID:10652	Alzheimer's_disease	2923
DOID:10652	Alzheimer's_disease	2931
DOID:10652	Alzheimer's_disease	2932
DOID:10652	Alzheimer's_disease	2934
DOID:10652	Alzheimer's_disease	2950
DOID:10652	Alzheimer's_disease	3006
DOID:10652	Alzheimer's_disease	3028
DOID:10652	Alzheimer's_disease	3098
DOID:10652	Alzheimer's_disease	3146
DOID:10652	Alzheimer's_disease	3178
DOID:10652	Alzheimer's_disease	3181
DOID:10652	Alzheimer's_disease	3308
DOID:10652	Alzheimer's_disease	3309
DOID:10652	Alzheimer's_disease	3312
DOID:10652	Alzheimer's_disease	3313
DOID:10652	Alzheimer's_disease	3320
DOID:10652	Alzheimer's_disease	3339
DOID:10652	Alzheimer's_disease	3482
DOID:10652	Alzheimer's_disease	3556
DOID:10652	Alzheimer's_disease	3708
DOID:10652	Alzheimer's_disease	3738
DOID:10652	Alzheimer's_disease	3791
DOID:10652	Alzheimer's_disease	3800
DOID:10652	Alzheimer's_disease	3831
DOID:10652	Alzheimer's_disease	3921
DOID:10652	Alzheimer's_disease	3925
DOID:10652	Alzheimer's_disease	4000
DOID:10652	Alzheimer's_disease	4035
DOID:10652	Alzheimer's_disease	4043
DOID:10652	Alzheimer's_disease	4128
DOID:10652	Alzheimer's_disease	4129
DOID:10652	Alzheimer's_disease	4133
DOID:10652	Alzheimer's_disease	4137
DOID:10652	Alzheimer's_disease	4155
DOID:10652	Alzheimer's_disease	4282
DOID:10652	Alzheimer's_disease	4336
DOID:10652	Alzheimer's_disease	4625
DOID:10652	Alzheimer's_disease	4648
DOID:10652	Alzheimer's_disease	4684
DOID:10652	Alzheimer's_disease	4722
DOID:10652	Alzheimer's_disease	4741
DOID:10652	Alzheimer's_disease	4744
DOID:10652	Alzheimer's_disease	4747
DOID:10652	Alzheimer's_disease	4830
DOID:10652	Alzheimer's_disease	4831
DOID:10652	Alzheimer's_disease	4900
DOID:10652	Alzheimer's_disease	4915
DOID:10652	Alzheimer's_disease	4967
DOID:10652	Alzheimer's_disease	5037
DOID:10652	Alzheimer's_disease	5052
DOID:10652	Alzheimer's_disease	5058
DOID:10652	Alzheimer's_disease	5110
DOID:10652	Alzheimer's_disease	5163
DOID:10652	Alzheimer's_disease	5223
DOID:10652	Alzheimer's_disease	5481
DOID:10652	Alzheimer's_disease	5530
DOID:10652	Alzheimer's_disease	5534
DOID:10652	Alzheimer's_disease	5566
DOID:10652	Alzheimer's_disease	5581
DOID:10652	Alzheimer's_disease	5594
DOID:10652	Alzheimer's_disease	5595
DOID:10652	Alzheimer's_disease	5602
DOID:10652	Alzheimer's_disease	5604
DOID:10652	Alzheimer's_disease	5621
DOID:10652	Alzheimer's_disease	5813
DOID:10652	Alzheimer's_disease	5832
DOID:10652	Alzheimer's_disease	5858
DOID:10652	Alzheimer's_disease	5867
DOID:10652	Alzheimer's_disease	5868
DOID:10652	Alzheimer's_disease	5870
DOID:10652	Alzheimer's_disease	5879
DOID:10652	Alzheimer's_disease	5894
DOID:10652	Alzheimer's_disease	5901
DOID:10652	Alzheimer's_disease	5930
DOID:10652	Alzheimer's_disease	6189
DOID:10652	Alzheimer's_disease	6194
DOID:10652	Alzheimer's_disease	6285
DOID:10652	Alzheimer's_disease	6421
DOID:10652	Alzheimer's_disease	6453
DOID:10652	Alzheimer's_disease	6505
DOID:10652	Alzheimer's_disease	6506
DOID:10652	Alzheimer's_disease	6507
DOID:10652	Alzheimer's_disease	6513
DOID:10652	Alzheimer's_disease	6515
DOID:10652	Alzheimer's_disease	6531
DOID:10652	Alzheimer's_disease	6558
DOID:10652	Alzheimer's_disease	6572
DOID:10652	Alzheimer's_disease	6616
DOID:10652	Alzheimer's_disease	6622
DOID:10652	Alzheimer's_disease	6647
DOID:10652	Alzheimer's_disease	6648
DOID:10652	Alzheimer's_disease	6714
DOID:10652	Alzheimer's_disease	6812
DOID:10652	Alzheimer's_disease	6843
DOID:10652	Alzheimer's_disease	6853
DOID:10652	Alzheimer's_disease	6855
DOID:10652	Alzheimer's_disease	7001
DOID:10652	Alzheimer's_disease	7295
DOID:10652	Alzheimer's_disease	7345
DOID:10652	Alzheimer's_disease	7415
DOID:10652	Alzheimer's_disease	7416
DOID:10652	Alzheimer's_disease	7431
DOID:10652	Alzheimer's_disease	7447
DOID:10652	Alzheimer's_disease	7532
DOID:10652	Alzheimer's_disease	7534
DOID:10652	Alzheimer's_disease	7781
DOID:10652	Alzheimer's_disease	7879
DOID:10652	Alzheimer's_disease	7919
DOID:10652	Alzheimer's_disease	8301
DOID:10652	Alzheimer's_disease	8428
DOID:10652	Alzheimer's_disease	8470
DOID:10652	Alzheimer's_disease	8522
DOID:10652	Alzheimer's_disease	8567
DOID:10652	Alzheimer's_disease	8867
DOID:10652	Alzheimer's_disease	8936
DOID:10652	Alzheimer's_disease	8997
DOID:10652	Alzheimer's_disease	9131
DOID:10652	Alzheimer's_disease	9223
DOID:10652	Alzheimer's_disease	9229
DOID:10652	Alzheimer's_disease	9446
DOID:10652	Alzheimer's_disease	9456
DOID:10652	Alzheimer's_disease	9520
DOID:10652	Alzheimer's_disease	9588
DOID:10652	Alzheimer's_disease	9892
DOID:10652	Alzheimer's_disease	9948
DOID:10652	Alzheimer's_disease	10059
DOID:10652	Alzheimer's_disease	10160
DOID:10652	Alzheimer's_disease	10211
DOID:10652	Alzheimer's_disease	10243
DOID:10652	Alzheimer's_disease	10313
DOID:10652	Alzheimer's_disease	10399
DOID:10652	Alzheimer's_disease	10452
DOID:10652	Alzheimer's_disease	10476
DOID:10652	Alzheimer's_disease	10728
DOID:10652	Alzheimer's_disease	10935
DOID:10652	Alzheimer's_disease	10972
DOID:10652	Alzheimer's_disease	11033
DOID:10652	Alzheimer's_disease	22800
DOID:10652	Alzheimer's_disease	22933
DOID:10652	Alzheimer's_disease	23325
DOID:10652	Alzheimer's_disease	23408
DOID:10652	Alzheimer's_disease	23413
DOID:10652	Alzheimer's_disease	23435
DOID:10652	Alzheimer's_disease	23526
DOID:10652	Alzheimer's_disease	23646
DOID:10652	Alzheimer's_disease	25800
DOID:10652	Alzheimer's_disease	25813
DOID:10652	Alzheimer's_disease	26060
DOID:10652	Alzheimer's_disease	29106
DOID:10652	Alzheimer's_disease	29979
DOID:10652	Alzheimer's_disease	30818
DOID:10652	Alzheimer's_disease	51024
DOID:10652	Alzheimer's_disease	51100
DOID:10652	Alzheimer's_disease	54106
DOID:10652	Alzheimer's_disease	54205
DOID:10652	Alzheimer's_disease	54472
DOID:10652	Alzheimer's_disease	55512
DOID:10652	Alzheimer's_disease	55967
DOID:10652	Alzheimer's_disease	57030
DOID:10652	Alzheimer's_disease	57142
DOID:10652	Alzheimer's_disease	57447
DOID:10652	Alzheimer's_disease	57498
DOID:10652	Alzheimer's_disease	60412
DOID:10652	Alzheimer's_disease	65018
DOID:10652	Alzheimer's_disease	80823
DOID:10652	Alzheimer's_disease	114876
DOID:10652	Alzheimer's_disease	136332
DOID:10652	Alzheimer's_disease	255057
DOID:1059	intellectual_disability	120
DOID:1059	intellectual_disability	249
DOID:1059	intellectual_disability	288
DOID:1059	intellectual_disability	527
DOID:1059	intellectual_disability	537
DOID:1059	intellectual_disability	547
DOID:1059	intellectual_disability	767
DOID:1059	intellectual_disability	773
DOID:1059	intellectual_disability	814
DOID:1059	intellectual_disability	1499
DOID:1059	intellectual_disability	1501
DOID:1059	intellectual_disability	1641
DOID:1059	intellectual_disability	1727
DOID:1059	intellectual_disability	1741
DOID:1059	intellectual_disability	1778
DOID:1059	intellectual_disability	1804
DOID:1059	intellectual_disability	1915
DOID:1059	intellectual_disability	1968
DOID:1059	intellectual_disability	2036
DOID:1059	intellectual_disability	2273
DOID:1059	intellectual_disability	2316
DOID:1059	intellectual_disability	2521
DOID:1059	intellectual_disability	2664
DOID:1059	intellectual_disability	2892
DOID:1059	intellectual_disability	2898
DOID:1059	intellectual_disability	2902
DOID:1059	intellectual_disability	2904
DOID:1059	intellectual_disability	2915
DOID:1059	intellectual_disability	2954
DOID:1059	intellectual_disability	3028
DOID:1059	intellectual_disability	3146
DOID:1059	intellectual_disability	3192
DOID:1059	intellectual_disability	3320
DOID:1059	intellectual_disability	3337
DOID:1059	intellectual_disability	3800
DOID:1059	intellectual_disability	3897
DOID:1059	intellectual_disability	4128
DOID:1059	intellectual_disability	4713
DOID:1059	intellectual_disability	4900
DOID:1059	intellectual_disability	5063
DOID:1059	intellectual_disability	5144
DOID:1059	intellectual_disability	5255
DOID:1059	intellectual_disability	5518
DOID:1059	intellectual_disability	5528
DOID:1059	intellectual_disability	5813
DOID:1059	intellectual_disability	5862
DOID:1059	intellectual_disability	5864
DOID:1059	intellectual_disability	6326
DOID:1059	intellectual_disability	6405
DOID:1059	intellectual_disability	6487
DOID:1059	intellectual_disability	6529
DOID:1059	intellectual_disability	6531
DOID:1059	intellectual_disability	6572
DOID:1059	intellectual_disability	6616
DOID:1059	intellectual_disability	6709
DOID:1059	intellectual_disability	6812
DOID:1059	intellectual_disability	6855
DOID:1059	intellectual_disability	7102
DOID:1059	intellectual_disability	7430
DOID:1059	intellectual_disability	8239
DOID:1059	intellectual_disability	8289
DOID:1059	intellectual_disability	8573
DOID:1059	intellectual_disability	8671
DOID:1059	intellectual_disability	8825
DOID:1059	intellectual_disability	8831
DOID:1059	intellectual_disability	9126
DOID:1059	intellectual_disability	9378
DOID:1059	intellectual_disability	9456
DOID:1059	intellectual_disability	9901
DOID:1059	intellectual_disability	10159
DOID:1059	intellectual_disability	10632
DOID:1059	intellectual_disability	10908
DOID:1059	intellectual_disability	10992
DOID:1059	intellectual_disability	11346
DOID:1059	intellectual_disability	22866
DOID:1059	intellectual_disability	22941
DOID:1059	intellectual_disability	23122
DOID:1059	intellectual_disability	23325
DOID:1059	intellectual_disability	23352
DOID:1059	intellectual_disability	23435
DOID:1059	intellectual_disability	27316
DOID:1059	intellectual_disability	28952
DOID:1059	intellectual_disability	28985
DOID:1059	intellectual_disability	29888
DOID:1059	intellectual_disability	30968
DOID:1059	intellectual_disability	50944
DOID:1059	intellectual_disability	51596
DOID:1059	intellectual_disability	54413
DOID:1059	intellectual_disability	54862
DOID:1059	intellectual_disability	55690
DOID:1059	intellectual_disability	57465
DOID:1059	intellectual_disability	57502
DOID:1059	intellectual_disability	57609
DOID:1059	intellectual_disability	57662
DOID:1059	intellectual_disability	64324
DOID:1059	intellectual_disability	64837
DOID:1059	intellectual_disability	79791
DOID:1059	intellectual_disability	83696
DOID:1059	intellectual_disability	85358
DOID:1059	intellectual_disability	90580
DOID:1059	intellectual_disability	93664
DOID:1059	intellectual_disability	259266
DOID:1059	intellectual_disability	347733
DOID:14330	Parkinson's_disease	25
DOID:14330	Parkinson's_disease	43
DOID:14330	Parkinson's_disease	60
DOID:14330	Parkinson's_disease	125
DOID:14330	Parkinson's_disease	205
DOID:14330	Parkinson's_disease	216
DOID:14330	Parkinson's_disease	348
DOID:14330	Parkinson's_disease	351
DOID:14330	Parkinson's_disease	463
DOID:14330	Parkinson's_disease	581
DOID:14330	Parkinson's_disease	718
DOID:14330	Parkinson's_disease	775
DOID:14330	Parkinson's_disease	1191
DOID:14330	Parkinson's_disease	1272
DOID:14330	Parkinson's_disease	1460
DOID:14330	Parkinson's_disease	1508
DOID:14330	Parkinson's_disease	1540
DOID:14330	Parkinson's_disease	1620
DOID:14330	Parkinson's_disease	1650
DOID:14330	Parkinson's_disease	1739
DOID:14330	Parkinson's_disease	1740
DOID:14330	Parkinson's_disease	1742
DOID:14330	Parkinson's_disease	2023
DOID:14330	Parkinson's_disease	2266
DOID:14330	Parkinson's_disease	2280
DOID:14330	Parkinson's_disease	2288
DOID:14330	Parkinson's_disease	2571
DOID:14330	Parkinson's_disease	2572
DOID:14330	Parkinson's_disease	2580
DOID:14330	Parkinson's_disease	2629
DOID:14330	Parkinson's_disease	2670
DOID:14330	Parkinson's_disease	2747
DOID:14330	Parkinson's_disease	2896
DOID:14330	Parkinson's_disease	2904
DOID:14330	Parkinson's_disease	2915
DOID:14330	Parkinson's_disease	2932
DOID:14330	Parkinson's_disease	2950
DOID:14330	Parkinson's_disease	3208
DOID:14330	Parkinson's_disease	3308
DOID:14330	Parkinson's_disease	3312
DOID:14330	Parkinson's_disease	3313
DOID:14330	Parkinson's_disease	4001
DOID:14330	Parkinson's_disease	4129
DOID:14330	Parkinson's_disease	4137
DOID:14330	Parkinson's_disease	4301
DOID:14330	Parkinson's_disease	4729
DOID:14330	Parkinson's_disease	4734
DOID:14330	Parkinson's_disease	4747
DOID:14330	Parkinson's_disease	4900
DOID:14330	Parkinson's_disease	4905
DOID:14330	Parkinson's_disease	4915
DOID:14330	Parkinson's_disease	5689
DOID:14330	Parkinson's_disease	5692
DOID:14330	Parkinson's_disease	5700
DOID:14330	Parkinson's_disease	5704
DOID:14330	Parkinson's_disease	5708
DOID:14330	Parkinson's_disease	5791
DOID:14330	Parkinson's_disease	6285
DOID:14330	Parkinson's_disease	6390
DOID:14330	Parkinson's_disease	6456
DOID:14330	Parkinson's_disease	6500
DOID:14330	Parkinson's_disease	6506
DOID:14330	Parkinson's_disease	6531
DOID:14330	Parkinson's_disease	6620
DOID:14330	Parkinson's_disease	6622
DOID:14330	Parkinson's_disease	6647
DOID:14330	Parkinson's_disease	6697
DOID:14330	Parkinson's_disease	6720
DOID:14330	Parkinson's_disease	7001
DOID:14330	Parkinson's_disease	7037
DOID:14330	Parkinson's_disease	7345
DOID:14330	Parkinson's_disease	7416
DOID:14330	Parkinson's_disease	7533
DOID:14330	Parkinson's_disease	7534
DOID:14330	Parkinson's_disease	7781
DOID:14330	Parkinson's_disease	7879
DOID:14330	Parkinson's_disease	8301
DOID:14330	Parkinson's_disease	8867
DOID:14330	Parkinson's_disease	9321
DOID:14330	Parkinson's_disease	9456
DOID:14330	Parkinson's_disease	9868
DOID:14330	Parkinson's_disease	10059
DOID:14330	Parkinson's_disease	10228
DOID:14330	Parkinson's_disease	10313
DOID:14330	Parkinson's_disease	10381
DOID:14330	Parkinson's_disease	10452
DOID:14330	Parkinson's_disease	10497
DOID:14330	Parkinson's_disease	10656
DOID:14330	Parkinson's_disease	10815
DOID:14330	Parkinson's_disease	10935
DOID:14330	Parkinson's_disease	11315
DOID:14330	Parkinson's_disease	22848
DOID:14330	Parkinson's_disease	22933
DOID:14330	Parkinson's_disease	23435
DOID:14330	Parkinson's_disease	25824
DOID:14330	Parkinson's_disease	26034
DOID:14330	Parkinson's_disease	27347
DOID:14330	Parkinson's_disease	54106
DOID:14330	Parkinson's_disease	55737
DOID:14330	Parkinson's_disease	56922
DOID:14330	Parkinson's_disease	56993
DOID:14330	Parkinson's_disease	57111
DOID:14330	Parkinson's_disease	65018
DOID:14330	Parkinson's_disease	84557
DOID:14330	Parkinson's_disease	84894
DOID:14330	Parkinson's_disease	93974
DOID:14330	Parkinson's_disease	112476
DOID:14330	Parkinson's_disease	112755
DOID:12849	autistic_disorder	18
DOID:12849	autistic_disorder	125
DOID:12849	autistic_disorder	128
DOID:12849	autistic_disorder	288
DOID:12849	autistic_disorder	348
DOID:12849	autistic_disorder	351
DOID:12849	autistic_disorder	361
DOID:12849	autistic_disorder	476
DOID:12849	autistic_disorder	491
DOID:12849	autistic_disorder	775
DOID:12849	autistic_disorder	814
DOID:12849	autistic_disorder	1499
DOID:12849	autistic_disorder	1500
DOID:12849	autistic_disorder	1509
DOID:12849	autistic_disorder	1778
DOID:12849	autistic_disorder	1803
DOID:12849	autistic_disorder	1821
DOID:12849	autistic_disorder	2023
DOID:12849	autistic_disorder	2194
DOID:12849	autistic_disorder	2495
DOID:12849	autistic_disorder	2550
DOID:12849	autistic_disorder	2554
DOID:12849	autistic_disorder	2555
DOID:12849	autistic_disorder	2556
DOID:12849	autistic_disorder	2562
DOID:12849	autistic_disorder	2566
DOID:12849	autistic_disorder	2571
DOID:12849	autistic_disorder	2697
DOID:12849	autistic_disorder	2891
DOID:12849	autistic_disorder	2896
DOID:12849	autistic_disorder	2898
DOID:12849	autistic_disorder	2904
DOID:12849	autistic_disorder	2906
DOID:12849	autistic_disorder	2915
DOID:12849	autistic_disorder	3029
DOID:12849	autistic_disorder	3094
DOID:12849	autistic_disorder	3146
DOID:12849	autistic_disorder	3697
DOID:12849	autistic_disorder	3703
DOID:12849	autistic_disorder	3751
DOID:12849	autistic_disorder	3791
DOID:12849	autistic_disorder	3800
DOID:12849	autistic_disorder	4128
DOID:12849	autistic_disorder	4282
DOID:12849	autistic_disorder	4340
DOID:12849	autistic_disorder	4684
DOID:12849	autistic_disorder	4698
DOID:12849	autistic_disorder	4706
DOID:12849	autistic_disorder	4713
DOID:12849	autistic_disorder	4897
DOID:12849	autistic_disorder	4915
DOID:12849	autistic_disorder	4916
DOID:12849	autistic_disorder	5187
DOID:12849	autistic_disorder	5579
DOID:12849	autistic_disorder	5621
DOID:12849	autistic_disorder	5864
DOID:12849	autistic_disorder	5879
DOID:12849	autistic_disorder	6134
DOID:12849	autistic_disorder	6262
DOID:12849	autistic_disorder	6326
DOID:12849	autistic_disorder	6328
DOID:12849	autistic_disorder	6447
DOID:12849	autistic_disorder	6505
DOID:12849	autistic_disorder	6531
DOID:12849	autistic_disorder	6616
DOID:12849	autistic_disorder	6714
DOID:12849	autistic_disorder	6804
DOID:12849	autistic_disorder	6853
DOID:12849	autistic_disorder	6854
DOID:12849	autistic_disorder	7534
DOID:12849	autistic_disorder	8604
DOID:12849	autistic_disorder	8831
DOID:12849	autistic_disorder	9369
DOID:12849	autistic_disorder	9378
DOID:12849	autistic_disorder	9456
DOID:12849	autistic_disorder	9568
DOID:12849	autistic_disorder	10243
DOID:12849	autistic_disorder	10458
DOID:12849	autistic_disorder	10514
DOID:12849	autistic_disorder	22941
DOID:12849	autistic_disorder	23191
DOID:12849	autistic_disorder	27347
DOID:12849	autistic_disorder	51678
DOID:12849	autistic_disorder	54413
DOID:12849	autistic_disorder	54734
DOID:12849	autistic_disorder	56899
DOID:12849	autistic_disorder	57502
DOID:12849	autistic_disorder	84152
DOID:12849	autistic_disorder	84932
DOID:12849	autistic_disorder	85358
DOID:12849	autistic_disorder	93664
DOID:12849	autistic_disorder	115992
DOID:12849	autistic_disorder	116987
DOID:12849	autistic_disorder	136319
DOID:12849	autistic_disorder	192683
DOID:0060041	autism_spectrum_disorder	18
DOID:0060041	autism_spectrum_disorder	125
DOID:0060041	autism_spectrum_disorder	128
DOID:0060041	autism_spectrum_disorder	288
DOID:0060041	autism_spectrum_disorder	348
DOID:0060041	autism_spectrum_disorder	351
DOID:0060041	autism_spectrum_disorder	361
DOID:0060041	autism_spectrum_disorder	476
DOID:0060041	autism_spectrum_disorder	491
DOID:0060041	autism_spectrum_disorder	775
DOID:0060041	autism_spectrum_disorder	814
DOID:0060041	autism_spectrum_disorder	1499
DOID:0060041	autism_spectrum_disorder	1500
DOID:0060041	autism_spectrum_disorder	1509
DOID:0060041	autism_spectrum_disorder	1778
DOID:0060041	autism_spectrum_disorder	1803
DOID:0060041	autism_spectrum_disorder	1821
DOID:0060041	autism_spectrum_disorder	2023
DOID:0060041	autism_spectrum_disorder	2194
DOID:0060041	autism_spectrum_disorder	2495
DOID:0060041	autism_spectrum_disorder	2550
DOID:0060041	autism_spectrum_disorder	2554
DOID:0060041	autism_spectrum_disorder	2555
DOID:0060041	autism_spectrum_disorder	2556
DOID:0060041	autism_spectrum_disorder	2562
DOID:0060041	autism_spectrum_disorder	2566
DOID:0060041	autism_spectrum_disorder	2571
DOID:0060041	autism_spectrum_disorder	2697
DOID:0060041	autism_spectrum_disorder	2891
DOID:0060041	autism_spectrum_disorder	2896
DOID:0060041	autism_spectrum_disorder	2898
DOID:0060041	autism_spectrum_disorder	2904
DOID:0060041	autism_spectrum_disorder	2906
DOID:0060041	autism_spectrum_disorder	2915
DOID:0060041	autism_spectrum_disorder	3029
DOID:0060041	autism_spectrum_disorder	3094
DOID:0060041	autism_spectrum_disorder	3146
DOID:0060041	autism_spectrum_disorder	3697
DOID:0060041	autism_spectrum_disorder	3703
DOID:0060041	autism_spectrum_disorder	3751
DOID:0060041	autism_spectrum_disorder	3791
DOID:0060041	autism_spectrum_disorder	3800
DOID:0060041	autism_spectrum_disorder	4128
DOID:0060041	autism_spectrum_disorder	4129
DOID:0060041	autism_spectrum_disorder	4282
DOID:0060041	autism_spectrum_disorder	4340
DOID:0060041	autism_spectrum_disorder	4684
DOID:0060041	autism_spectrum_disorder	4698
DOID:0060041	autism_spectrum_disorder	4706
DOID:0060041	autism_spectrum_disorder	4713
DOID:0060041	autism_spectrum_disorder	4897
DOID:0060041	autism_spectrum_disorder	4915
DOID:0060041	autism_spectrum_disorder	4916
DOID:0060041	autism_spectrum_disorder	5187
DOID:0060041	autism_spectrum_disorder	5579
DOID:0060041	autism_spectrum_disorder	5621
DOID:0060041	autism_spectrum_disorder	5864
DOID:0060041	autism_spectrum_disorder	5879
DOID:0060041	autism_spectrum_disorder	6134
DOID:0060041	autism_spectrum_disorder	6262
DOID:0060041	autism_spectrum_disorder	6326
DOID:0060041	autism_spectrum_disorder	6328
DOID:0060041	autism_spectrum_disorder	6447
DOID:0060041	autism_spectrum_disorder	6505
DOID:0060041	autism_spectrum_disorder	6531
DOID:0060041	autism_spectrum_disorder	6616
DOID:0060041	autism_spectrum_disorder	6714
DOID:0060041	autism_spectrum_disorder	6804
DOID:0060041	autism_spectrum_disorder	6853
DOID:0060041	autism_spectrum_disorder	6854
DOID:0060041	autism_spectrum_disorder	7466
DOID:0060041	autism_spectrum_disorder	7534
DOID:0060041	autism_spectrum_disorder	8604
DOID:0060041	autism_spectrum_disorder	8831
DOID:0060041	autism_spectrum_disorder	9369
DOID:0060041	autism_spectrum_disorder	9378
DOID:0060041	autism_spectrum_disorder	9456
DOID:0060041	autism_spectrum_disorder	9568
DOID:0060041	autism_spectrum_disorder	10243
DOID:0060041	autism_spectrum_disorder	10458
DOID:0060041	autism_spectrum_disorder	10514
DOID:0060041	autism_spectrum_disorder	22941
DOID:0060041	autism_spectrum_disorder	23191
DOID:0060041	autism_spectrum_disorder	27347
DOID:0060041	autism_spectrum_disorder	51678
DOID:0060041	autism_spectrum_disorder	54413
DOID:0060041	autism_spectrum_disorder	54734
DOID:0060041	autism_spectrum_disorder	56899
DOID:0060041	autism_spectrum_disorder	57502
DOID:0060041	autism_spectrum_disorder	84152
DOID:0060041	autism_spectrum_disorder	84932
DOID:0060041	autism_spectrum_disorder	85358
DOID:0060041	autism_spectrum_disorder	93664
DOID:0060041	autism_spectrum_disorder	115992
DOID:0060041	autism_spectrum_disorder	116987
DOID:0060041	autism_spectrum_disorder	136319
DOID:0060041	autism_spectrum_disorder	192683
DOID:12858	Huntington's_disease	19
DOID:12858	Huntington's_disease	213
DOID:12858	Huntington's_disease	501
DOID:12858	Huntington's_disease	999
DOID:12858	Huntington's_disease	1020
DOID:12858	Huntington's_disease	1128
DOID:12858	Huntington's_disease	1152
DOID:12858	Huntington's_disease	1808
DOID:12858	Huntington's_disease	2572
DOID:12858	Huntington's_disease	2597
DOID:12858	Huntington's_disease	2898
DOID:12858	Huntington's_disease	2904
DOID:12858	Huntington's_disease	2932
DOID:12858	Huntington's_disease	3064
DOID:12858	Huntington's_disease	3308
DOID:12858	Huntington's_disease	3710
DOID:12858	Huntington's_disease	4128
DOID:12858	Huntington's_disease	4129
DOID:12858	Huntington's_disease	4133
DOID:12858	Huntington's_disease	4137
DOID:12858	Huntington's_disease	5566
DOID:12858	Huntington's_disease	5578
DOID:12858	Huntington's_disease	5595
DOID:12858	Huntington's_disease	5602
DOID:12858	Huntington's_disease	5621
DOID:12858	Huntington's_disease	6009
DOID:12858	Huntington's_disease	6237
DOID:12858	Huntington's_disease	6515
DOID:12858	Huntington's_disease	6531
DOID:12858	Huntington's_disease	6616
DOID:12858	Huntington's_disease	6647
DOID:12858	Huntington's_disease	7323
DOID:12858	Huntington's_disease	7345
DOID:12858	Huntington's_disease	8766
DOID:12858	Huntington's_disease	10059
DOID:12858	Huntington's_disease	11315
DOID:12858	Huntington's_disease	22895
DOID:12858	Huntington's_disease	22933
DOID:12858	Huntington's_disease	25930
DOID:12858	Huntington's_disease	26993
DOID:12858	Huntington's_disease	28964
DOID:12858	Huntington's_disease	29979
DOID:12858	Huntington's_disease	54472
DOID:3312	bipolar_disorder	115
DOID:3312	bipolar_disorder	216
DOID:3312	bipolar_disorder	217
DOID:3312	bipolar_disorder	288
DOID:3312	bipolar_disorder	291
DOID:3312	bipolar_disorder	301
DOID:3312	bipolar_disorder	302
DOID:3312	bipolar_disorder	338
DOID:3312	bipolar_disorder	348
DOID:3312	bipolar_disorder	489
DOID:3312	bipolar_disorder	526
DOID:3312	bipolar_disorder	675
DOID:3312	bipolar_disorder	775
DOID:3312	bipolar_disorder	784
DOID:3312	bipolar_disorder	875
DOID:3312	bipolar_disorder	1000
DOID:3312	bipolar_disorder	1129
DOID:3312	bipolar_disorder	1267
DOID:3312	bipolar_disorder	1272
DOID:3312	bipolar_disorder	1454
DOID:3312	bipolar_disorder	1496
DOID:3312	bipolar_disorder	1499
DOID:3312	bipolar_disorder	1501
DOID:3312	bipolar_disorder	1620
DOID:3312	bipolar_disorder	1767
DOID:3312	bipolar_disorder	1786
DOID:3312	bipolar_disorder	1808
DOID:3312	bipolar_disorder	2023
DOID:3312	bipolar_disorder	2026
DOID:3312	bipolar_disorder	2195
DOID:3312	bipolar_disorder	2257
DOID:3312	bipolar_disorder	2534
DOID:3312	bipolar_disorder	2555
DOID:3312	bipolar_disorder	2561
DOID:3312	bipolar_disorder	2566
DOID:3312	bipolar_disorder	2571
DOID:3312	bipolar_disorder	2670
DOID:3312	bipolar_disorder	2774
DOID:3312	bipolar_disorder	2784
DOID:3312	bipolar_disorder	2823
DOID:3312	bipolar_disorder	2890
DOID:3312	bipolar_disorder	2898
DOID:3312	bipolar_disorder	2902
DOID:3312	bipolar_disorder	2904
DOID:3312	bipolar_disorder	2912
DOID:3312	bipolar_disorder	2913
DOID:3312	bipolar_disorder	2915
DOID:3312	bipolar_disorder	2932
DOID:3312	bipolar_disorder	2934
DOID:3312	bipolar_disorder	3094
DOID:3312	bipolar_disorder	3183
DOID:3312	bipolar_disorder	3309
DOID:3312	bipolar_disorder	3337
DOID:3312	bipolar_disorder	3612
DOID:3312	bipolar_disorder	3697
DOID:3312	bipolar_disorder	3703
DOID:3312	bipolar_disorder	3799
DOID:3312	bipolar_disorder	3800
DOID:3312	bipolar_disorder	3927
DOID:3312	bipolar_disorder	4128
DOID:3312	bipolar_disorder	4340
DOID:3312	bipolar_disorder	4684
DOID:3312	bipolar_disorder	4697
DOID:3312	bipolar_disorder	4706
DOID:3312	bipolar_disorder	4713
DOID:3312	bipolar_disorder	4729
DOID:3312	bipolar_disorder	4915
DOID:3312	bipolar_disorder	4916
DOID:3312	bipolar_disorder	4925
DOID:3312	bipolar_disorder	5286
DOID:3312	bipolar_disorder	5621
DOID:3312	bipolar_disorder	5799
DOID:3312	bipolar_disorder	5908
DOID:3312	bipolar_disorder	6009
DOID:3312	bipolar_disorder	6125
DOID:3312	bipolar_disorder	6207
DOID:3312	bipolar_disorder	6233
DOID:3312	bipolar_disorder	6285
DOID:3312	bipolar_disorder	6391
DOID:3312	bipolar_disorder	6531
DOID:3312	bipolar_disorder	6697
DOID:3312	bipolar_disorder	6712
DOID:3312	bipolar_disorder	6804
DOID:3312	bipolar_disorder	6845
DOID:3312	bipolar_disorder	6854
DOID:3312	bipolar_disorder	7184
DOID:3312	bipolar_disorder	7531
DOID:3312	bipolar_disorder	7533
DOID:3312	bipolar_disorder	8537
DOID:3312	bipolar_disorder	8774
DOID:3312	bipolar_disorder	8864
DOID:3312	bipolar_disorder	8867
DOID:3312	bipolar_disorder	9145
DOID:3312	bipolar_disorder	9172
DOID:3312	bipolar_disorder	9218
DOID:3312	bipolar_disorder	9223
DOID:3312	bipolar_disorder	9495
DOID:3312	bipolar_disorder	9550
DOID:3312	bipolar_disorder	9892
DOID:3312	bipolar_disorder	10397
DOID:3312	bipolar_disorder	10399
DOID:3312	bipolar_disorder	10409
DOID:3312	bipolar_disorder	11075
DOID:3312	bipolar_disorder	11113
DOID:3312	bipolar_disorder	23037
DOID:3312	bipolar_disorder	23140
DOID:3312	bipolar_disorder	23413
DOID:3312	bipolar_disorder	25758
DOID:3312	bipolar_disorder	26059
DOID:3312	bipolar_disorder	26999
DOID:3312	bipolar_disorder	27445
DOID:3312	bipolar_disorder	50863
DOID:3312	bipolar_disorder	51678
DOID:3312	bipolar_disorder	54039
DOID:3312	bipolar_disorder	54413
DOID:3312	bipolar_disorder	54734
DOID:3312	bipolar_disorder	56899
DOID:3312	bipolar_disorder	56922
DOID:3312	bipolar_disorder	57030
DOID:3312	bipolar_disorder	57142
DOID:3312	bipolar_disorder	57709
DOID:3312	bipolar_disorder	83659
DOID:3312	bipolar_disorder	84152
DOID:3312	bipolar_disorder	118987
DOID:3312	bipolar_disorder	136319
DOID:3312	bipolar_disorder	200734
DOID:3312	bipolar_disorder	221184
DOID:10763	hypertension	19
DOID:10763	hypertension	37
DOID:10763	hypertension	38
DOID:10763	hypertension	59
DOID:10763	hypertension	118
DOID:10763	hypertension	119
DOID:10763	hypertension	125
DOID:10763	hypertension	150
DOID:10763	hypertension	217
DOID:10763	hypertension	302
DOID:10763	hypertension	308
DOID:10763	hypertension	338
DOID:10763	hypertension	348
DOID:10763	hypertension	351
DOID:10763	hypertension	361
DOID:10763	hypertension	387
DOID:10763	hypertension	388
DOID:10763	hypertension	396
DOID:10763	hypertension	476
DOID:10763	hypertension	477
DOID:10763	hypertension	481
DOID:10763	hypertension	488
DOID:10763	hypertension	490
DOID:10763	hypertension	506
DOID:10763	hypertension	522
DOID:10763	hypertension	581
DOID:10763	hypertension	629
DOID:10763	hypertension	682
DOID:10763	hypertension	718
DOID:10763	hypertension	775
DOID:10763	hypertension	811
DOID:10763	hypertension	829
DOID:10763	hypertension	875
DOID:10763	hypertension	961
DOID:10763	hypertension	999
DOID:10763	hypertension	1012
DOID:10763	hypertension	1114
DOID:10763	hypertension	1191
DOID:10763	hypertension	1496
DOID:10763	hypertension	1499
DOID:10763	hypertension	1509
DOID:10763	hypertension	1803
DOID:10763	hypertension	1901
DOID:10763	hypertension	2022
DOID:10763	hypertension	2271
DOID:10763	hypertension	2273
DOID:10763	hypertension	2288
DOID:10763	hypertension	2629
DOID:10763	hypertension	2768
DOID:10763	hypertension	2778
DOID:10763	hypertension	2784
DOID:10763	hypertension	2879
DOID:10763	hypertension	2896
DOID:10763	hypertension	2934
DOID:10763	hypertension	2938
DOID:10763	hypertension	2950
DOID:10763	hypertension	3006
DOID:10763	hypertension	3030
DOID:10763	hypertension	3039
DOID:10763	hypertension	3107
DOID:10763	hypertension	3146
DOID:10763	hypertension	3303
DOID:10763	hypertension	3304
DOID:10763	hypertension	3305
DOID:10763	hypertension	3308
DOID:10763	hypertension	3309
DOID:10763	hypertension	3320
DOID:10763	hypertension	3337
DOID:10763	hypertension	3778
DOID:10763	hypertension	3791
DOID:10763	hypertension	3831
DOID:10763	hypertension	3880
DOID:10763	hypertension	3921
DOID:10763	hypertension	3937
DOID:10763	hypertension	4128
DOID:10763	hypertension	4282
DOID:10763	hypertension	4627
DOID:10763	hypertension	4915
DOID:10763	hypertension	4925
DOID:10763	hypertension	4976
DOID:10763	hypertension	5037
DOID:10763	hypertension	5144
DOID:10763	hypertension	5160
DOID:10763	hypertension	5578
DOID:10763	hypertension	5594
DOID:10763	hypertension	5595
DOID:10763	hypertension	5621
DOID:10763	hypertension	5687
DOID:10763	hypertension	5792
DOID:10763	hypertension	5837
DOID:10763	hypertension	5879
DOID:10763	hypertension	6128
DOID:10763	hypertension	6285
DOID:10763	hypertension	6327
DOID:10763	hypertension	6487
DOID:10763	hypertension	6507
DOID:10763	hypertension	6533
DOID:10763	hypertension	6548
DOID:10763	hypertension	6558
DOID:10763	hypertension	6647
DOID:10763	hypertension	6648
DOID:10763	hypertension	6720
DOID:10763	hypertension	7137
DOID:10763	hypertension	7168
DOID:10763	hypertension	7178
DOID:10763	hypertension	7511
DOID:10763	hypertension	7857
DOID:10763	hypertension	8473
DOID:10763	hypertension	8671
DOID:10763	hypertension	8996
DOID:10763	hypertension	9446
DOID:10763	hypertension	9475
DOID:10763	hypertension	9927
DOID:10763	hypertension	10059
DOID:10763	hypertension	10159
DOID:10763	hypertension	10550
DOID:10763	hypertension	10971
DOID:10763	hypertension	11315
DOID:10763	hypertension	11346
DOID:10763	hypertension	23071
DOID:10763	hypertension	23564
DOID:10763	hypertension	23576
DOID:10763	hypertension	25813
DOID:10763	hypertension	25932
DOID:10763	hypertension	26034
DOID:10763	hypertension	27130
DOID:10763	hypertension	27347
DOID:10763	hypertension	54106
DOID:10763	hypertension	57553
DOID:10763	hypertension	57554
DOID:10763	hypertension	81488
DOID:10763	hypertension	200734
DOID:2377	multiple_sclerosis	2
DOID:2377	multiple_sclerosis	87
DOID:2377	multiple_sclerosis	156
DOID:2377	multiple_sclerosis	214
DOID:2377	multiple_sclerosis	301
DOID:2377	multiple_sclerosis	348
DOID:2377	multiple_sclerosis	351
DOID:2377	multiple_sclerosis	361
DOID:2377	multiple_sclerosis	581
DOID:2377	multiple_sclerosis	718
DOID:2377	multiple_sclerosis	830
DOID:2377	multiple_sclerosis	961
DOID:2377	multiple_sclerosis	1152
DOID:2377	multiple_sclerosis	1267
DOID:2377	multiple_sclerosis	1272
DOID:2377	multiple_sclerosis	1410
DOID:2377	multiple_sclerosis	1509
DOID:2377	multiple_sclerosis	1620
DOID:2377	multiple_sclerosis	1804
DOID:2377	multiple_sclerosis	1901
DOID:2377	multiple_sclerosis	2571
DOID:2377	multiple_sclerosis	2597
DOID:2377	multiple_sclerosis	2670
DOID:2377	multiple_sclerosis	2891
DOID:2377	multiple_sclerosis	2892
DOID:2377	multiple_sclerosis	2896
DOID:2377	multiple_sclerosis	2898
DOID:2377	multiple_sclerosis	2902
DOID:2377	multiple_sclerosis	2904
DOID:2377	multiple_sclerosis	2913
DOID:2377	multiple_sclerosis	2932
DOID:2377	multiple_sclerosis	2950
DOID:2377	multiple_sclerosis	3028
DOID:2377	multiple_sclerosis	3107
DOID:2377	multiple_sclerosis	3146
DOID:2377	multiple_sclerosis	3178
DOID:2377	multiple_sclerosis	3303
DOID:2377	multiple_sclerosis	3304
DOID:2377	multiple_sclerosis	3306
DOID:2377	multiple_sclerosis	3308
DOID:2377	multiple_sclerosis	3568
DOID:2377	multiple_sclerosis	3708
DOID:2377	multiple_sclerosis	3738
DOID:2377	multiple_sclerosis	3798
DOID:2377	multiple_sclerosis	3831
DOID:2377	multiple_sclerosis	3837
DOID:2377	multiple_sclerosis	3925
DOID:2377	multiple_sclerosis	4137
DOID:2377	multiple_sclerosis	4155
DOID:2377	multiple_sclerosis	4282
DOID:2377	multiple_sclerosis	4340
DOID:2377	multiple_sclerosis	4509
DOID:2377	multiple_sclerosis	4684
DOID:2377	multiple_sclerosis	4744
DOID:2377	multiple_sclerosis	4747
DOID:2377	multiple_sclerosis	4915
DOID:2377	multiple_sclerosis	4976
DOID:2377	multiple_sclerosis	5354
DOID:2377	multiple_sclerosis	5550
DOID:2377	multiple_sclerosis	5578
DOID:2377	multiple_sclerosis	5594
DOID:2377	multiple_sclerosis	5621
DOID:2377	multiple_sclerosis	5864
DOID:2377	multiple_sclerosis	6000
DOID:2377	multiple_sclerosis	6125
DOID:2377	multiple_sclerosis	6331
DOID:2377	multiple_sclerosis	6456
DOID:2377	multiple_sclerosis	6505
DOID:2377	multiple_sclerosis	6506
DOID:2377	multiple_sclerosis	6507
DOID:2377	multiple_sclerosis	6622
DOID:2377	multiple_sclerosis	6647
DOID:2377	multiple_sclerosis	6648
DOID:2377	multiple_sclerosis	6717
DOID:2377	multiple_sclerosis	6888
DOID:2377	multiple_sclerosis	7323
DOID:2377	multiple_sclerosis	7416
DOID:2377	multiple_sclerosis	7532
DOID:2377	multiple_sclerosis	8853
DOID:2377	multiple_sclerosis	9294
DOID:2377	multiple_sclerosis	9520
DOID:2377	multiple_sclerosis	11140
DOID:2377	multiple_sclerosis	11151
DOID:2377	multiple_sclerosis	11315
DOID:2377	multiple_sclerosis	23095
DOID:2377	multiple_sclerosis	23114
DOID:2377	multiple_sclerosis	23228
DOID:2377	multiple_sclerosis	23576
DOID:2377	multiple_sclerosis	50807
DOID:2377	multiple_sclerosis	54106
DOID:2377	multiple_sclerosis	54769
DOID:2377	multiple_sclerosis	57142
DOID:2377	multiple_sclerosis	58155
DOID:2377	multiple_sclerosis	84894
DOID:2377	multiple_sclerosis	116986
DOID:2377	multiple_sclerosis	158358
